{
"lengthUnit": "mil",
"components": {
	"fields": ["COMPONENT_NO", "COMPONENT_NAME", "LAYER", "X_COORDINATE", "Y_COORDINATE", "ANGLE"],
	"rows": [
		[1, "C1", "T", 179, -995, 270],
		[2, "CN1A", "T", 249.6, -316.5, 270],
		[3, "CN1B", "T", 2283.5, -249.6, 180],
		[4, "CN2", "T", 1305, -198.4, 180],
		[5, "M1", "T", 1250, -989, 90],
		[6, "R1", "T", 375, -2174, 270],
		[7, "R2", "T", 425, -2064, 270],
		[8, "R3", "T", 475, -2174, 270],
		[9, "R4", "T", 525, -2064, 270],
		[10, "R5", "T", 575, -2174, 270],
		[11, "R6", "T", 625, -2064, 270],
		[12, "R7", "T", 675, -2174, 270],
		[13, "R8", "T", 725, -2064, 270],
		[14, "R9", "T", 1125, -2174, 270],
		[15, "R10", "T", 1175, -2064, 270],
		[16, "R11", "T", 1225, -2174, 270],
		[17, "R12", "T", 1275, -2064, 270],
		[18, "R13", "T", 1325, -2174, 270],
		[19, "R14", "T", 1375, -2064, 270],
		[20, "R15", "T", 1425, -2174, 270],
		[21, "R16", "T", 1475, -2064, 270],
		[22, "R17", "T", 1875, -2174, 270],
		[23, "R18", "T", 1925, -2064, 270],
		[24, "R19", "T", 1975, -2174, 270],
		[25, "R20", "T", 2025, -2064, 270],
		[26, "R21", "T", 2075, -2174, 270],
		[27, "R22", "T", 2125, -2064, 270],
		[28, "R23", "T", 2175, -2174, 270],
		[29, "R24", "T", 2225, -2064, 270],
		[30, "RJ1", "T", 550, -2624, 180],
		[31, "RJ2", "T", 1300, -2624, 180],
		[32, "RJ3", "T", 2050, -2624, 180],
		[33, "U1", "T", 550, -1764, 180],
		[34, "U2", "T", 1300, -1764, 180],
		[35, "U3", "T", 2050, -1764, 180]
	]
},
"pins": {
	"fields": ["PIN_NO", "PIN_NAME", "PIN_X", "PIN_Y", "LAYER", "PIN_TYPE", "NET_NAME", "NET_TYPE", "PAD_SHAPE", "PAD_SIZEX", "PAD_SIZEY", "HOLE_SIZE", "PAD_ANGLE"],
	"rows": [
		[1, "C1_1", 179, -967.44, "T", "SMD", "GND", "GND", "R", 31.5, 35.43, 0, 270],
		[2, "C1_2", 179, -1022.56, "T", "SMD", "VCC", "", "R", 31.5, 35.43, 0, 270],
		[3, "CN1A_1", 249.6, -218.07, "T", "DIP", "VCC", "", "C", 70.87, 70.87, 51.18, 270],
		[4, "CN1A_1", 249.6, -218.07, "B", "DIP", "VCC", "", "C", 70.87, 70.87, 51.18, 270],
		[5, "CN1A_2", 249.6, -414.93, "T", "DIP", "GND", "GND", "C", 70.87, 70.87, 51.18, 270],
		[6, "CN1A_2", 249.6, -414.93, "B", "DIP", "GND", "GND", "C", 70.87, 70.87, 51.18, 270],
		[7, "CN1B_1", 2381.93, -249.6, "T", "DIP", "VCC", "", "C", 70.87, 70.87, 51.18, 180],
		[8, "CN1B_1", 2381.93, -249.6, "B", "DIP", "VCC", "", "C", 70.87, 70.87, 51.18, 180],
		[9, "CN1B_2", 2185.07, -249.6, "T", "DIP", "GND", "GND", "C", 70.87, 70.87, 51.18, 180],
		[10, "CN1B_2", 2185.07, -249.6, "B", "DIP", "GND", "GND", "C", 70.87, 70.87, 51.18, 180],
		[11, "CN2_1", 1755, -148.4, "T", "DIP", "GND", "GND", "R", 70.87, 70.87, 43.31, 180],
		[12, "CN2_1", 1755, -148.4, "B", "DIP", "GND", "GND", "R", 70.87, 70.87, 43.31, 180],
		[13, "CN2_2", 1755, -248.4, "T", "DIP", "VCC", "", "C", 70.87, 70.87, 43.31, 180],
		[14, "CN2_2", 1755, -248.4, "B", "DIP", "VCC", "", "C", 70.87, 70.87, 43.31, 180],
		[15, "CN2_3", 1655, -148.4, "T", "DIP", "PIN16", "", "C", 70.87, 70.87, 43.31, 180],
		[16, "CN2_3", 1655, -148.4, "B", "DIP", "PIN16", "", "C", 70.87, 70.87, 43.31, 180],
		[17, "CN2_4", 1655, -248.4, "T", "DIP", "PIN33", "", "C", 70.87, 70.87, 43.31, 180],
		[18, "CN2_4", 1655, -248.4, "B", "DIP", "PIN33", "", "C", 70.87, 70.87, 43.31, 180],
		[19, "CN2_5", 1555, -148.4, "T", "DIP", "PIN17", "", "C", 70.87, 70.87, 43.31, 180],
		[20, "CN2_5", 1555, -148.4, "B", "DIP", "PIN17", "", "C", 70.87, 70.87, 43.31, 180],
		[21, "CN2_6", 1555, -248.4, "T", "DIP", "PIN34", "", "C", 70.87, 70.87, 43.31, 180],
		[22, "CN2_6", 1555, -248.4, "B", "DIP", "PIN34", "", "C", 70.87, 70.87, 43.31, 180],
		[23, "CN2_7", 1455, -148.4, "T", "DIP", "PIN20", "", "C", 70.87, 70.87, 43.31, 180],
		[24, "CN2_7", 1455, -148.4, "B", "DIP", "PIN20", "", "C", 70.87, 70.87, 43.31, 180],
		[25, "CN2_8", 1455, -248.4, "T", "DIP", "PIN35", "", "C", 70.87, 70.87, 43.31, 180],
		[26, "CN2_8", 1455, -248.4, "B", "DIP", "PIN35", "", "C", 70.87, 70.87, 43.31, 180],
		[27, "CN2_9", 1355, -148.4, "T", "DIP", "PIN21", "", "C", 70.87, 70.87, 43.31, 180],
		[28, "CN2_9", 1355, -148.4, "B", "DIP", "PIN21", "", "C", 70.87, 70.87, 43.31, 180],
		[29, "CN2_10", 1355, -248.4, "T", "DIP", "PIN36", "", "C", 70.87, 70.87, 43.31, 180],
		[30, "CN2_10", 1355, -248.4, "B", "DIP", "PIN36", "", "C", 70.87, 70.87, 43.31, 180],
		[31, "CN2_11", 1255, -148.4, "T", "DIP", "PIN26", "", "C", 70.87, 70.87, 43.31, 180],
		[32, "CN2_11", 1255, -148.4, "B", "DIP", "PIN26", "", "C", 70.87, 70.87, 43.31, 180],
		[33, "CN2_12", 1255, -248.4, "T", "DIP", "PIN37", "", "C", 70.87, 70.87, 43.31, 180],
		[34, "CN2_12", 1255, -248.4, "B", "DIP", "PIN37", "", "C", 70.87, 70.87, 43.31, 180],
		[35, "CN2_13", 1155, -148.4, "T", "DIP", "PIN27", "", "C", 70.87, 70.87, 43.31, 180],
		[36, "CN2_13", 1155, -148.4, "B", "DIP", "PIN27", "", "C", 70.87, 70.87, 43.31, 180],
		[37, "CN2_14", 1155, -248.4, "T", "DIP", "PIN38", "", "C", 70.87, 70.87, 43.31, 180],
		[38, "CN2_14", 1155, -248.4, "B", "DIP", "PIN38", "", "C", 70.87, 70.87, 43.31, 180],
		[39, "CN2_15", 1055, -148.4, "T", "DIP", "PIN30", "", "C", 70.87, 70.87, 43.31, 180],
		[40, "CN2_15", 1055, -148.4, "B", "DIP", "PIN30", "", "C", 70.87, 70.87, 43.31, 180],
		[41, "CN2_16", 1055, -248.4, "T", "DIP", "PIN39", "", "C", 70.87, 70.87, 43.31, 180],
		[42, "CN2_16", 1055, -248.4, "B", "DIP", "PIN39", "", "C", 70.87, 70.87, 43.31, 180],
		[43, "CN2_17", 955, -148.4, "T", "DIP", "PIN31", "", "C", 70.87, 70.87, 43.31, 180],
		[44, "CN2_17", 955, -148.4, "B", "DIP", "PIN31", "", "C", 70.87, 70.87, 43.31, 180],
		[45, "CN2_18", 955, -248.4, "T", "DIP", "PIN40", "", "C", 70.87, 70.87, 43.31, 180],
		[46, "CN2_18", 955, -248.4, "B", "DIP", "PIN40", "", "C", 70.87, 70.87, 43.31, 180],
		[47, "CN2_19", 855, -148.4, "T", "DIP", "PIN32", "", "C", 70.87, 70.87, 43.31, 180],
		[48, "CN2_19", 855, -148.4, "B", "DIP", "PIN32", "", "C", 70.87, 70.87, 43.31, 180],
		[49, "CN2_20", 855, -248.4, "T", "DIP", "PIN41", "", "C", 70.87, 70.87, 43.31, 180],
		[50, "CN2_20", 855, -248.4, "B", "DIP", "PIN41", "", "C", 70.87, 70.87, 43.31, 180],
		[51, "M1_0", 250, -1289, "T", "DIP", "PWM1", "", "C", 60, 60, 37.4, 180],
		[52, "M1_0", 250, -1289, "B", "DIP", "PWM1", "", "C", 60, 60, 37.4, 180],
		[53, "M1_1", 350, -1289, "T", "DIP", "PWM2", "", "C", 60, 60, 37.4, 180],
		[54, "M1_1", 350, -1289, "B", "DIP", "PWM2", "", "C", 60, 60, 37.4, 180],
		[55, "M1_2", 450, -1289, "T", "DIP", "PWM3", "", "C", 60, 60, 37.4, 180],
		[56, "M1_2", 450, -1289, "B", "DIP", "PWM3", "", "C", 60, 60, 37.4, 180],
		[57, "M1_3", 550, -1289, "T", "DIP", "PWM4", "", "C", 60, 60, 37.4, 180],
		[58, "M1_3", 550, -1289, "B", "DIP", "PWM4", "", "C", 60, 60, 37.4, 180],
		[59, "M1_4", 650, -1289, "T", "DIP", "PWM5", "", "C", 60, 60, 37.4, 180],
		[60, "M1_4", 650, -1289, "B", "DIP", "PWM5", "", "C", 60, 60, 37.4, 180],
		[61, "M1_5", 750, -1289, "T", "DIP", "PWM6", "", "C", 60, 60, 37.4, 180],
		[62, "M1_5", 750, -1289, "B", "DIP", "PWM6", "", "C", 60, 60, 37.4, 180],
		[63, "M1_6", 850, -1289, "T", "DIP", "PWM7", "", "C", 60, 60, 37.4, 180],
		[64, "M1_6", 850, -1289, "B", "DIP", "PWM7", "", "C", 60, 60, 37.4, 180],
		[65, "M1_7", 950, -1289, "T", "DIP", "PWM8", "", "C", 60, 60, 37.4, 180],
		[66, "M1_7", 950, -1289, "B", "DIP", "PWM8", "", "C", 60, 60, 37.4, 180],
		[67, "M1_8", 1050, -1289, "T", "DIP", "PWM9", "", "C", 60, 60, 37.4, 180],
		[68, "M1_8", 1050, -1289, "B", "DIP", "PWM9", "", "C", 60, 60, 37.4, 180],
		[69, "M1_9", 1150, -1289, "T", "DIP", "PWM10", "", "C", 60, 60, 37.4, 180],
		[70, "M1_9", 1150, -1289, "B", "DIP", "PWM10", "", "C", 60, 60, 37.4, 180],
		[71, "M1_10", 1250, -1289, "T", "DIP", "PWM11", "", "C", 60, 60, 37.4, 180],
		[72, "M1_10", 1250, -1289, "B", "DIP", "PWM11", "", "C", 60, 60, 37.4, 180],
		[73, "M1_11", 1350, -1289, "T", "DIP", "PWM12", "", "C", 60, 60, 37.4, 180],
		[74, "M1_11", 1350, -1289, "B", "DIP", "PWM12", "", "C", 60, 60, 37.4, 180],
		[75, "M1_12", 1450, -1289, "T", "DIP", "PWM13", "", "C", 60, 60, 37.4, 180],
		[76, "M1_12", 1450, -1289, "B", "DIP", "PWM13", "", "C", 60, 60, 37.4, 180],
		[77, "M1_13", 1450, -689, "T", "DIP", "PWM14", "", "C", 60, 60, 37.4, 180],
		[78, "M1_13", 1450, -689, "B", "DIP", "PWM14", "", "C", 60, 60, 37.4, 180],
		[79, "M1_14", 1350, -689, "T", "DIP", "PWM15", "", "C", 60, 60, 37.4, 180],
		[80, "M1_14", 1350, -689, "B", "DIP", "PWM15", "", "C", 60, 60, 37.4, 180],
		[81, "M1_15", 1250, -689, "T", "DIP", "PWM16", "", "C", 60, 60, 37.4, 180],
		[82, "M1_15", 1250, -689, "B", "DIP", "PWM16", "", "C", 60, 60, 37.4, 180],
		[83, "M1_16", 1150, -689, "T", "DIP", "PIN16", "", "C", 60, 60, 37.4, 180],
		[84, "M1_16", 1150, -689, "B", "DIP", "PIN16", "", "C", 60, 60, 37.4, 180],
		[85, "M1_17", 1050, -689, "T", "DIP", "PIN17", "", "C", 60, 60, 37.4, 180],
		[86, "M1_17", 1050, -689, "B", "DIP", "PIN17", "", "C", 60, 60, 37.4, 180],
		[87, "M1_18", 950, -689, "T", "DIP", "PWM17", "", "C", 60, 60, 37.4, 180],
		[88, "M1_18", 950, -689, "B", "DIP", "PWM17", "", "C", 60, 60, 37.4, 180],
		[89, "M1_19", 850, -689, "T", "DIP", "PWM18", "", "C", 60, 60, 37.4, 180],
		[90, "M1_19", 850, -689, "B", "DIP", "PWM18", "", "C", 60, 60, 37.4, 180],
		[91, "M1_20", 750, -689, "T", "DIP", "PIN20", "", "C", 60, 60, 37.4, 180],
		[92, "M1_20", 750, -689, "B", "DIP", "PIN20", "", "C", 60, 60, 37.4, 180],
		[93, "M1_21", 650, -689, "T", "DIP", "PIN21", "", "C", 60, 60, 37.4, 180],
		[94, "M1_21", 650, -689, "B", "DIP", "PIN21", "", "C", 60, 60, 37.4, 180],
		[95, "M1_22", 550, -689, "T", "DIP", "PWM19", "", "C", 60, 60, 37.4, 180],
		[96, "M1_22", 550, -689, "B", "DIP", "PWM19", "", "C", 60, 60, 37.4, 180],
		[97, "M1_23", 450, -689, "T", "DIP", "PWM20", "", "C", 60, 60, 37.4, 180],
		[98, "M1_23", 450, -689, "B", "DIP", "PWM20", "", "C", 60, 60, 37.4, 180],
		[99, "M1_24", 1650, -1289, "T", "DIP", "PWM21", "", "C", 60, 60, 37.4, 180],
		[100, "M1_24", 1650, -1289, "B", "DIP", "PWM21", "", "C", 60, 60, 37.4, 180],
		[101, "M1_25", 1750, -1289, "T", "DIP", "PWM22", "", "C", 60, 60, 37.4, 180],
		[102, "M1_25", 1750, -1289, "B", "DIP", "PWM22", "", "C", 60, 60, 37.4, 180],
		[103, "M1_26", 1850, -1289, "T", "DIP", "PIN26", "", "C", 60, 60, 37.4, 180],
		[104, "M1_26", 1850, -1289, "B", "DIP", "PIN26", "", "C", 60, 60, 37.4, 180],
		[105, "M1_27", 1950, -1289, "T", "DIP", "PIN27", "", "C", 60, 60, 37.4, 180],
		[106, "M1_27", 1950, -1289, "B", "DIP", "PIN27", "", "C", 60, 60, 37.4, 180],
		[107, "M1_28", 2050, -1289, "T", "DIP", "PWM23", "", "C", 60, 60, 37.4, 180],
		[108, "M1_28", 2050, -1289, "B", "DIP", "PWM23", "", "C", 60, 60, 37.4, 180],
		[109, "M1_29", 2150, -1289, "T", "DIP", "PWM24", "", "C", 60, 60, 37.4, 180],
		[110, "M1_29", 2150, -1289, "B", "DIP", "PWM24", "", "C", 60, 60, 37.4, 180],
		[111, "M1_30", 2250, -1289, "T", "DIP", "PIN30", "", "C", 60, 60, 37.4, 180],
		[112, "M1_30", 2250, -1289, "B", "DIP", "PIN30", "", "C", 60, 60, 37.4, 180],
		[113, "M1_31", 2350, -1289, "T", "DIP", "PIN31", "", "C", 60, 60, 37.4, 180],
		[114, "M1_31", 2350, -1289, "B", "DIP", "PIN31", "", "C", 60, 60, 37.4, 180],
		[115, "M1_32", 2450, -1289, "T", "DIP", "PIN32", "", "C", 60, 60, 37.4, 180],
		[116, "M1_32", 2450, -1289, "B", "DIP", "PIN32", "", "C", 60, 60, 37.4, 180],
		[117, "M1_33", 2450, -689, "T", "DIP", "PIN33", "", "C", 60, 60, 37.4, 180],
		[118, "M1_33", 2450, -689, "B", "DIP", "PIN33", "", "C", 60, 60, 37.4, 180],
		[119, "M1_34", 2350, -689, "T", "DIP", "PIN34", "", "C", 60, 60, 37.4, 180],
		[120, "M1_34", 2350, -689, "B", "DIP", "PIN34", "", "C", 60, 60, 37.4, 180],
		[121, "M1_35", 2250, -689, "T", "DIP", "PIN35", "", "C", 60, 60, 37.4, 180],
		[122, "M1_35", 2250, -689, "B", "DIP", "PIN35", "", "C", 60, 60, 37.4, 180],
		[123, "M1_36", 2150, -689, "T", "DIP", "PIN36", "", "C", 60, 60, 37.4, 180],
		[124, "M1_36", 2150, -689, "B", "DIP", "PIN36", "", "C", 60, 60, 37.4, 180],
		[125, "M1_37", 2050, -689, "T", "DIP", "PIN37", "", "C", 60, 60, 37.4, 180],
		[126, "M1_37", 2050, -689, "B", "DIP", "PIN37", "", "C", 60, 60, 37.4, 180],
		[127, "M1_38", 1950, -689, "T", "DIP", "PIN38", "", "C", 60, 60, 37.4, 180],
		[128, "M1_38", 1950, -689, "B", "DIP", "PIN38", "", "C", 60, 60, 37.4, 180],
		[129, "M1_39", 1850, -689, "T", "DIP", "PIN39", "", "C", 60, 60, 37.4, 180],
		[130, "M1_39", 1850, -689, "B", "DIP", "PIN39", "", "C", 60, 60, 37.4, 180],
		[131, "M1_40", 1750, -689, "T", "DIP", "PIN40", "", "C", 60, 60, 37.4, 180],
		[132, "M1_40", 1750, -689, "B", "DIP", "PIN40", "", "C", 60, 60, 37.4, 180],
		[133, "M1_41", 1650, -689, "T", "DIP", "PIN41", "", "C", 60, 60, 37.4, 180],
		[134, "M1_41", 1650, -689, "B", "DIP", "PIN41", "", "C", 60, 60, 37.4, 180],
		[135, "M1_3V3", 1550, -1289, "T", "DIP", "M1_3V3", "", "C", 60, 60, 37.4, 180],
		[136, "M1_3V3", 1550, -1289, "B", "DIP", "M1_3V3", "", "C", 60, 60, 37.4, 180],
		[137, "M1_3V3", 350, -689, "T", "DIP", "M1_A_3V3", "", "C", 60, 60, 37.4, 180],
		[138, "M1_3V3", 350, -689, "B", "DIP", "M1_A_3V3", "", "C", 60, 60, 37.4, 180],
		[139, "M1_AGND", 250, -689, "T", "DIP", "GND", "GND", "C", 60, 60, 37.4, 180],
		[140, "M1_AGND", 250, -689, "B", "DIP", "GND", "GND", "C", 60, 60, 37.4, 180],
		[141, "M1_GND", 150, -1289, "T", "DIP", "GND", "GND", "C", 60, 60, 37.4, 180],
		[142, "M1_GND", 150, -1289, "B", "DIP", "GND", "GND", "C", 60, 60, 37.4, 180],
		[143, "M1_GND", 1550, -689, "T", "DIP", "GND", "GND", "C", 60, 60, 37.4, 180],
		[144, "M1_GND", 1550, -689, "B", "DIP", "GND", "GND", "C", 60, 60, 37.4, 180],
		[145, "M1_VIN", 150, -689, "T", "DIP", "VCC", "", "C", 60, 60, 37.4, 180],
		[146, "M1_VIN", 150, -689, "B", "DIP", "VCC", "", "C", 60, 60, 37.4, 180],
		[147, "R1_1", 375, -2156.96, "T", "SMD", "$1N9639", "", "R", 22.27, 21.26, 0, 270],
		[148, "R1_2", 375, -2191.04, "T", "SMD", "$1N2643", "", "R", 22.27, 21.26, 0, 270],
		[149, "R2_1", 425, -2046.96, "T", "SMD", "$1N9644", "", "R", 22.27, 21.26, 0, 270],
		[150, "R2_2", 425, -2081.04, "T", "SMD", "$1N2633", "", "R", 22.27, 21.26, 0, 270],
		[151, "R3_1", 475, -2156.96, "T", "SMD", "$1N9649", "", "R", 22.27, 21.26, 0, 270],
		[152, "R3_2", 475, -2191.04, "T", "SMD", "$1N2634", "", "R", 22.27, 21.26, 0, 270],
		[153, "R4_1", 525, -2046.96, "T", "SMD", "$1N9654", "", "R", 22.27, 21.26, 0, 270],
		[154, "R4_2", 525, -2081.04, "T", "SMD", "$1N2587", "", "R", 22.27, 21.26, 0, 270],
		[155, "R5_1", 575, -2156.96, "T", "SMD", "$1N9659", "", "R", 22.27, 21.26, 0, 270],
		[156, "R5_2", 575, -2191.04, "T", "SMD", "$1N2597", "", "R", 22.27, 21.26, 0, 270],
		[157, "R6_1", 625, -2046.96, "T", "SMD", "$1N2556", "", "R", 22.27, 21.26, 0, 270],
		[158, "R6_2", 625, -2081.04, "T", "SMD", "$1N2607", "", "R", 22.27, 21.26, 0, 270],
		[159, "R7_1", 675, -2156.96, "T", "SMD", "$1N9677", "", "R", 22.27, 21.26, 0, 270],
		[160, "R7_2", 675, -2191.04, "T", "SMD", "$1N2648", "", "R", 22.27, 21.26, 0, 270],
		[161, "R8_1", 725, -2046.96, "T", "SMD", "$1N9682", "", "R", 22.27, 21.26, 0, 270],
		[162, "R8_2", 725, -2081.04, "T", "SMD", "$1N2658", "", "R", 22.27, 21.26, 0, 270],
		[163, "R9_1", 1125, -2156.96, "T", "SMD", "$1N9744", "", "R", 22.27, 21.26, 0, 270],
		[164, "R9_2", 1125, -2191.04, "T", "SMD", "$1N3185", "", "R", 22.27, 21.26, 0, 270],
		[165, "R10_1", 1175, -2046.96, "T", "SMD", "$1N3149", "", "R", 22.27, 21.26, 0, 270],
		[166, "R10_2", 1175, -2081.04, "T", "SMD", "$1N3177", "", "R", 22.27, 21.26, 0, 270],
		[167, "R11_1", 1225, -2156.96, "T", "SMD", "$1N9765", "", "R", 22.27, 21.26, 0, 270],
		[168, "R11_2", 1225, -2191.04, "T", "SMD", "$1N3181", "", "R", 22.27, 21.26, 0, 270],
		[169, "R12_1", 1275, -2046.96, "T", "SMD", "$1N9770", "", "R", 22.27, 21.26, 0, 270],
		[170, "R12_2", 1275, -2081.04, "T", "SMD", "$1N3165", "", "R", 22.27, 21.26, 0, 270],
		[171, "R13_1", 1325, -2156.96, "T", "SMD", "$1N9775", "", "R", 22.27, 21.26, 0, 270],
		[172, "R13_2", 1325, -2191.04, "T", "SMD", "$1N3169", "", "R", 22.27, 21.26, 0, 270],
		[173, "R14_1", 1375, -2046.96, "T", "SMD", "$1N9780", "", "R", 22.27, 21.26, 0, 270],
		[174, "R14_2", 1375, -2081.04, "T", "SMD", "$1N3173", "", "R", 22.27, 21.26, 0, 270],
		[175, "R15_1", 1425, -2156.96, "T", "SMD", "$1N9785", "", "R", 22.27, 21.26, 0, 270],
		[176, "R15_2", 1425, -2191.04, "T", "SMD", "$1N3193", "", "R", 22.27, 21.26, 0, 270],
		[177, "R16_1", 1475, -2046.96, "T", "SMD", "$1N9790", "", "R", 22.27, 21.26, 0, 270],
		[178, "R16_2", 1475, -2081.04, "T", "SMD", "$1N3189", "", "R", 22.27, 21.26, 0, 270],
		[179, "R17_1", 1875, -2156.96, "T", "SMD", "$1N9844", "", "R", 22.27, 21.26, 0, 270],
		[180, "R17_2", 1875, -2191.04, "T", "SMD", "$1N3698", "", "R", 22.27, 21.26, 0, 270],
		[181, "R18_1", 1925, -2046.96, "T", "SMD", "$1N9849", "", "R", 22.27, 21.26, 0, 270],
		[182, "R18_2", 1925, -2081.04, "T", "SMD", "$1N3690", "", "R", 22.27, 21.26, 0, 270],
		[183, "R19_1", 1975, -2156.96, "T", "SMD", "$1N9854", "", "R", 22.27, 21.26, 0, 270],
		[184, "R19_2", 1975, -2191.04, "T", "SMD", "$1N3694", "", "R", 22.27, 21.26, 0, 270],
		[185, "R20_1", 2025, -2046.96, "T", "SMD", "$1N9859", "", "R", 22.27, 21.26, 0, 270],
		[186, "R20_2", 2025, -2081.04, "T", "SMD", "$1N3678", "", "R", 22.27, 21.26, 0, 270],
		[187, "R21_1", 2075, -2156.96, "T", "SMD", "$1N9864", "", "R", 22.27, 21.26, 0, 270],
		[188, "R21_2", 2075, -2191.04, "T", "SMD", "$1N3682", "", "R", 22.27, 21.26, 0, 270],
		[189, "R22_1", 2125, -2046.96, "T", "SMD", "$1N9869", "", "R", 22.27, 21.26, 0, 270],
		[190, "R22_2", 2125, -2081.04, "T", "SMD", "$1N3686", "", "R", 22.27, 21.26, 0, 270],
		[191, "R23_1", 2175, -2156.96, "T", "SMD", "$1N9874", "", "R", 22.27, 21.26, 0, 270],
		[192, "R23_2", 2175, -2191.04, "T", "SMD", "$1N3706", "", "R", 22.27, 21.26, 0, 270],
		[193, "R24_1", 2225, -2046.96, "T", "SMD", "$1N9879", "", "R", 22.27, 21.26, 0, 270],
		[194, "R24_2", 2225, -2081.04, "T", "SMD", "$1N3702", "", "R", 22.27, 21.26, 0, 270],
		[195, "RJ1_1", 375, -2488.96, "T", "DIP", "$1N2643", "", "C", 60, 60, 36, 180],
		[196, "RJ1_1", 375, -2488.96, "B", "DIP", "$1N2643", "", "C", 60, 60, 36, 180],
		[197, "RJ1_2", 425, -2388.96, "T", "DIP", "$1N2633", "", "C", 60, 60, 36, 180],
		[198, "RJ1_2", 425, -2388.96, "B", "DIP", "$1N2633", "", "C", 60, 60, 36, 180],
		[199, "RJ1_3", 475, -2488.96, "T", "DIP", "$1N2634", "", "C", 60, 60, 36, 180],
		[200, "RJ1_3", 475, -2488.96, "B", "DIP", "$1N2634", "", "C", 60, 60, 36, 180],
		[201, "RJ1_4", 525, -2388.96, "T", "DIP", "$1N2587", "", "C", 60, 60, 36, 180],
		[202, "RJ1_4", 525, -2388.96, "B", "DIP", "$1N2587", "", "C", 60, 60, 36, 180],
		[203, "RJ1_5", 575, -2488.96, "T", "DIP", "$1N2597", "", "C", 60, 60, 36, 180],
		[204, "RJ1_5", 575, -2488.96, "B", "DIP", "$1N2597", "", "C", 60, 60, 36, 180],
		[205, "RJ1_6", 625, -2388.96, "T", "DIP", "$1N2607", "", "C", 60, 60, 36, 180],
		[206, "RJ1_6", 625, -2388.96, "B", "DIP", "$1N2607", "", "C", 60, 60, 36, 180],
		[207, "RJ1_7", 675, -2488.96, "T", "DIP", "$1N2648", "", "C", 60, 60, 36, 180],
		[208, "RJ1_7", 675, -2488.96, "B", "DIP", "$1N2648", "", "C", 60, 60, 36, 180],
		[209, "RJ1_8", 725, -2388.96, "T", "DIP", "$1N2658", "", "C", 60, 60, 36, 180],
		[210, "RJ1_8", 725, -2388.96, "B", "DIP", "$1N2658", "", "C", 60, 60, 36, 180],
		[211, "RJ1_9", 244.88, -2859.04, "T", "DIP", "GND", "GND", "C", 98.42, 98.42, 62.99, 180],
		[212, "RJ1_9", 244.88, -2859.04, "B", "DIP", "GND", "GND", "C", 98.42, 98.42, 62.99, 180],
		[213, "RJ1_10", 855.12, -2859.04, "T", "DIP", "GND", "GND", "C", 98.42, 98.42, 62.99, 180],
		[214, "RJ1_10", 855.12, -2859.04, "B", "DIP", "GND", "GND", "C", 98.42, 98.42, 62.99, 180],
		[215, "RJ2_1", 1125, -2488.96, "T", "DIP", "$1N3185", "", "C", 60, 60, 36, 180],
		[216, "RJ2_1", 1125, -2488.96, "B", "DIP", "$1N3185", "", "C", 60, 60, 36, 180],
		[217, "RJ2_2", 1175, -2388.96, "T", "DIP", "$1N3177", "", "C", 60, 60, 36, 180],
		[218, "RJ2_2", 1175, -2388.96, "B", "DIP", "$1N3177", "", "C", 60, 60, 36, 180],
		[219, "RJ2_3", 1225, -2488.96, "T", "DIP", "$1N3181", "", "C", 60, 60, 36, 180],
		[220, "RJ2_3", 1225, -2488.96, "B", "DIP", "$1N3181", "", "C", 60, 60, 36, 180],
		[221, "RJ2_4", 1275, -2388.96, "T", "DIP", "$1N3165", "", "C", 60, 60, 36, 180],
		[222, "RJ2_4", 1275, -2388.96, "B", "DIP", "$1N3165", "", "C", 60, 60, 36, 180],
		[223, "RJ2_5", 1325, -2488.96, "T", "DIP", "$1N3169", "", "C", 60, 60, 36, 180],
		[224, "RJ2_5", 1325, -2488.96, "B", "DIP", "$1N3169", "", "C", 60, 60, 36, 180],
		[225, "RJ2_6", 1375, -2388.96, "T", "DIP", "$1N3173", "", "C", 60, 60, 36, 180],
		[226, "RJ2_6", 1375, -2388.96, "B", "DIP", "$1N3173", "", "C", 60, 60, 36, 180],
		[227, "RJ2_7", 1425, -2488.96, "T", "DIP", "$1N3193", "", "C", 60, 60, 36, 180],
		[228, "RJ2_7", 1425, -2488.96, "B", "DIP", "$1N3193", "", "C", 60, 60, 36, 180],
		[229, "RJ2_8", 1475, -2388.96, "T", "DIP", "$1N3189", "", "C", 60, 60, 36, 180],
		[230, "RJ2_8", 1475, -2388.96, "B", "DIP", "$1N3189", "", "C", 60, 60, 36, 180],
		[231, "RJ2_9", 994.88, -2859.04, "T", "DIP", "GND", "GND", "C", 98.42, 98.42, 62.99, 180],
		[232, "RJ2_9", 994.88, -2859.04, "B", "DIP", "GND", "GND", "C", 98.42, 98.42, 62.99, 180],
		[233, "RJ2_10", 1605.12, -2859.04, "T", "DIP", "GND", "GND", "C", 98.42, 98.42, 62.99, 180],
		[234, "RJ2_10", 1605.12, -2859.04, "B", "DIP", "GND", "GND", "C", 98.42, 98.42, 62.99, 180],
		[235, "RJ3_1", 1875, -2488.96, "T", "DIP", "$1N3698", "", "C", 60, 60, 36, 180],
		[236, "RJ3_1", 1875, -2488.96, "B", "DIP", "$1N3698", "", "C", 60, 60, 36, 180],
		[237, "RJ3_2", 1925, -2388.96, "T", "DIP", "$1N3690", "", "C", 60, 60, 36, 180],
		[238, "RJ3_2", 1925, -2388.96, "B", "DIP", "$1N3690", "", "C", 60, 60, 36, 180],
		[239, "RJ3_3", 1975, -2488.96, "T", "DIP", "$1N3694", "", "C", 60, 60, 36, 180],
		[240, "RJ3_3", 1975, -2488.96, "B", "DIP", "$1N3694", "", "C", 60, 60, 36, 180],
		[241, "RJ3_4", 2025, -2388.96, "T", "DIP", "$1N3678", "", "C", 60, 60, 36, 180],
		[242, "RJ3_4", 2025, -2388.96, "B", "DIP", "$1N3678", "", "C", 60, 60, 36, 180],
		[243, "RJ3_5", 2075, -2488.96, "T", "DIP", "$1N3682", "", "C", 60, 60, 36, 180],
		[244, "RJ3_5", 2075, -2488.96, "B", "DIP", "$1N3682", "", "C", 60, 60, 36, 180],
		[245, "RJ3_6", 2125, -2388.96, "T", "DIP", "$1N3686", "", "C", 60, 60, 36, 180],
		[246, "RJ3_6", 2125, -2388.96, "B", "DIP", "$1N3686", "", "C", 60, 60, 36, 180],
		[247, "RJ3_7", 2175, -2488.96, "T", "DIP", "$1N3706", "", "C", 60, 60, 36, 180],
		[248, "RJ3_7", 2175, -2488.96, "B", "DIP", "$1N3706", "", "C", 60, 60, 36, 180],
		[249, "RJ3_8", 2225, -2388.96, "T", "DIP", "$1N3702", "", "C", 60, 60, 36, 180],
		[250, "RJ3_8", 2225, -2388.96, "B", "DIP", "$1N3702", "", "C", 60, 60, 36, 180],
		[251, "RJ3_9", 1744.88, -2859.04, "T", "DIP", "GND", "GND", "C", 98.42, 98.42, 62.99, 180],
		[252, "RJ3_9", 1744.88, -2859.04, "B", "DIP", "GND", "GND", "C", 98.42, 98.42, 62.99, 180],
		[253, "RJ3_10", 2355.12, -2859.04, "T", "DIP", "GND", "GND", "C", 98.42, 98.42, 62.99, 180],
		[254, "RJ3_10", 2355.12, -2859.04, "B", "DIP", "GND", "GND", "C", 98.42, 98.42, 62.99, 180],
		[255, "U1_1", 665.16, -1650.97, "T", "SMD", "VCC", "", "O", 14.33, 68.58, 0, 180],
		[256, "U1_2", 639.57, -1650.97, "T", "SMD", "PWM8", "", "O", 14.33, 68.58, 0, 180],
		[257, "U1_3", 613.98, -1650.97, "T", "SMD", "PWM7", "", "O", 14.33, 68.58, 0, 180],
		[258, "U1_4", 588.39, -1650.97, "T", "SMD", "PWM6", "", "O", 14.33, 68.58, 0, 180],
		[259, "U1_5", 562.79, -1650.97, "T", "SMD", "PWM5", "", "O", 14.33, 68.58, 0, 180],
		[260, "U1_6", 537.2, -1650.97, "T", "SMD", "PWM4", "", "O", 14.33, 68.58, 0, 180],
		[261, "U1_7", 511.61, -1650.97, "T", "SMD", "PWM3", "", "O", 14.33, 68.58, 0, 180],
		[262, "U1_8", 486.02, -1650.97, "T", "SMD", "PWM2", "", "O", 14.33, 68.58, 0, 180],
		[263, "U1_9", 460.43, -1650.97, "T", "SMD", "PWM1", "", "O", 14.33, 68.58, 0, 180],
		[264, "U1_10", 434.84, -1650.97, "T", "SMD", "GND", "GND", "O", 14.33, 68.58, 0, 180],
		[265, "U1_11", 434.84, -1877.03, "T", "SMD", "$1N9639", "", "O", 14.33, 68.58, 0, 180],
		[266, "U1_12", 460.43, -1877.03, "T", "SMD", "$1N9644", "", "O", 14.33, 68.58, 0, 180],
		[267, "U1_13", 486.02, -1877.03, "T", "SMD", "$1N9649", "", "O", 14.33, 68.58, 0, 180],
		[268, "U1_14", 511.61, -1877.03, "T", "SMD", "$1N9654", "", "O", 14.33, 68.58, 0, 180],
		[269, "U1_15", 537.2, -1877.03, "T", "SMD", "$1N9659", "", "O", 14.33, 68.58, 0, 180],
		[270, "U1_16", 562.79, -1877.03, "T", "SMD", "$1N2556", "", "O", 14.33, 68.58, 0, 180],
		[271, "U1_17", 588.39, -1877.03, "T", "SMD", "$1N9677", "", "O", 14.33, 68.58, 0, 180],
		[272, "U1_18", 613.98, -1877.03, "T", "SMD", "$1N9682", "", "O", 14.33, 68.58, 0, 180],
		[273, "U1_19", 639.57, -1877.03, "T", "SMD", "GND", "GND", "O", 14.33, 68.58, 0, 180],
		[274, "U1_20", 665.16, -1877.03, "T", "SMD", "VCC", "", "O", 14.33, 68.58, 0, 180],
		[275, "U2_1", 1415.16, -1650.97, "T", "SMD", "VCC", "", "O", 14.33, 68.58, 0, 180],
		[276, "U2_2", 1389.57, -1650.97, "T", "SMD", "PWM16", "", "O", 14.33, 68.58, 0, 180],
		[277, "U2_3", 1363.98, -1650.97, "T", "SMD", "PWM15", "", "O", 14.33, 68.58, 0, 180],
		[278, "U2_4", 1338.39, -1650.97, "T", "SMD", "PWM14", "", "O", 14.33, 68.58, 0, 180],
		[279, "U2_5", 1312.79, -1650.97, "T", "SMD", "PWM13", "", "O", 14.33, 68.58, 0, 180],
		[280, "U2_6", 1287.2, -1650.97, "T", "SMD", "PWM12", "", "O", 14.33, 68.58, 0, 180],
		[281, "U2_7", 1261.61, -1650.97, "T", "SMD", "PWM11", "", "O", 14.33, 68.58, 0, 180],
		[282, "U2_8", 1236.02, -1650.97, "T", "SMD", "PWM10", "", "O", 14.33, 68.58, 0, 180],
		[283, "U2_9", 1210.43, -1650.97, "T", "SMD", "PWM9", "", "O", 14.33, 68.58, 0, 180],
		[284, "U2_10", 1184.84, -1650.97, "T", "SMD", "GND", "GND", "O", 14.33, 68.58, 0, 180],
		[285, "U2_11", 1184.84, -1877.03, "T", "SMD", "$1N9744", "", "O", 14.33, 68.58, 0, 180],
		[286, "U2_12", 1210.43, -1877.03, "T", "SMD", "$1N3149", "", "O", 14.33, 68.58, 0, 180],
		[287, "U2_13", 1236.02, -1877.03, "T", "SMD", "$1N9765", "", "O", 14.33, 68.58, 0, 180],
		[288, "U2_14", 1261.61, -1877.03, "T", "SMD", "$1N9770", "", "O", 14.33, 68.58, 0, 180],
		[289, "U2_15", 1287.2, -1877.03, "T", "SMD", "$1N9775", "", "O", 14.33, 68.58, 0, 180],
		[290, "U2_16", 1312.79, -1877.03, "T", "SMD", "$1N9780", "", "O", 14.33, 68.58, 0, 180],
		[291, "U2_17", 1338.39, -1877.03, "T", "SMD", "$1N9785", "", "O", 14.33, 68.58, 0, 180],
		[292, "U2_18", 1363.98, -1877.03, "T", "SMD", "$1N9790", "", "O", 14.33, 68.58, 0, 180],
		[293, "U2_19", 1389.57, -1877.03, "T", "SMD", "GND", "GND", "O", 14.33, 68.58, 0, 180],
		[294, "U2_20", 1415.16, -1877.03, "T", "SMD", "VCC", "", "O", 14.33, 68.58, 0, 180],
		[295, "U3_1", 2165.16, -1650.97, "T", "SMD", "VCC", "", "O", 14.33, 68.58, 0, 180],
		[296, "U3_2", 2139.57, -1650.97, "T", "SMD", "PWM24", "", "O", 14.33, 68.58, 0, 180],
		[297, "U3_3", 2113.98, -1650.97, "T", "SMD", "PWM23", "", "O", 14.33, 68.58, 0, 180],
		[298, "U3_4", 2088.39, -1650.97, "T", "SMD", "PWM22", "", "O", 14.33, 68.58, 0, 180],
		[299, "U3_5", 2062.79, -1650.97, "T", "SMD", "PWM21", "", "O", 14.33, 68.58, 0, 180],
		[300, "U3_6", 2037.2, -1650.97, "T", "SMD", "PWM20", "", "O", 14.33, 68.58, 0, 180],
		[301, "U3_7", 2011.61, -1650.97, "T", "SMD", "PWM19", "", "O", 14.33, 68.58, 0, 180],
		[302, "U3_8", 1986.02, -1650.97, "T", "SMD", "PWM18", "", "O", 14.33, 68.58, 0, 180],
		[303, "U3_9", 1960.43, -1650.97, "T", "SMD", "PWM17", "", "O", 14.33, 68.58, 0, 180],
		[304, "U3_10", 1934.84, -1650.97, "T", "SMD", "GND", "GND", "O", 14.33, 68.58, 0, 180],
		[305, "U3_11", 1934.84, -1877.03, "T", "SMD", "$1N9844", "", "O", 14.33, 68.58, 0, 180],
		[306, "U3_12", 1960.43, -1877.03, "T", "SMD", "$1N9849", "", "O", 14.33, 68.58, 0, 180],
		[307, "U3_13", 1986.02, -1877.03, "T", "SMD", "$1N9854", "", "O", 14.33, 68.58, 0, 180],
		[308, "U3_14", 2011.61, -1877.03, "T", "SMD", "$1N9859", "", "O", 14.33, 68.58, 0, 180],
		[309, "U3_15", 2037.2, -1877.03, "T", "SMD", "$1N9864", "", "O", 14.33, 68.58, 0, 180],
		[310, "U3_16", 2062.79, -1877.03, "T", "SMD", "$1N9869", "", "O", 14.33, 68.58, 0, 180],
		[311, "U3_17", 2088.39, -1877.03, "T", "SMD", "$1N9874", "", "O", 14.33, 68.58, 0, 180],
		[312, "U3_18", 2113.98, -1877.03, "T", "SMD", "$1N9879", "", "O", 14.33, 68.58, 0, 180],
		[313, "U3_19", 2139.57, -1877.03, "T", "SMD", "GND", "GND", "O", 14.33, 68.58, 0, 180],
		[314, "U3_20", 2165.16, -1877.03, "T", "SMD", "VCC", "", "O", 14.33, 68.58, 0, 180]
	]
}
}